Ref,Val,Package,PosX,PosY,Rot,Side
"BTN_0","SW_Push","SW_Push_1P1T_NO_6x6mm_H9.5mm",98.525001,-90.490001,0.000000,top
"BTN_1","SW_Push","SW_Push_1P1T_NO_6x6mm_H9.5mm",87.475001,-90.490001,0.000000,top
"BTN_2","SW_Push","SW_Push_1P1T_NO_6x6mm_H9.5mm",98.500000,-79.100000,0.000000,top
"BTN_3","SW_Push","SW_Push_1P1T_NO_6x6mm_H9.5mm",87.750000,-79.100000,0.000000,top
"C1","10u","C_0603_1608Metric_Pad1.05x0.95mm_HandSolder",75.150000,-73.150000,270.000000,top
"C2","10u","C_0603_1608Metric_Pad1.05x0.95mm_HandSolder",70.150000,-72.150000,180.000000,top
"C3","100n","C_0603_1608Metric_Pad1.05x0.95mm_HandSolder",102.850000,-95.850000,270.000000,top
"C4","100n","C_0603_1608Metric_Pad1.05x0.95mm_HandSolder",92.600000,-95.850000,270.000000,top
"C5","100n","C_0603_1608Metric_Pad1.05x0.95mm_HandSolder",102.750000,-84.600000,270.000000,top
"C6","100n","C_0603_1608Metric_Pad1.05x0.95mm_HandSolder",92.000000,-84.600000,270.000000,top
"D1","LED","LED_0603_1608Metric_Pad1.05x0.95mm_HandSolder",94.850000,-67.600000,90.000000,top
"D2","D_Schottky","D_SOD-123",66.000000,-72.400000,90.000000,top
"D3","LED","LED_0603_1608Metric_Pad1.05x0.95mm_HandSolder",97.100000,-67.600000,90.000000,top
"D4","LED","LED_0603_1608Metric_Pad1.05x0.95mm_HandSolder",99.600000,-67.600000,90.000000,top
"D5","LED","LED_0603_1608Metric_Pad1.05x0.95mm_HandSolder",101.850000,-67.600000,90.000000,top
"D6","LED","LED_0603_1608Metric_Pad1.05x0.95mm_HandSolder",76.150000,-64.900000,90.000000,top
"F1","1A","Fuse_0603_1608Metric_Pad1.05x0.95mm_HandSolder",70.150000,-74.150000,180.000000,top
"FB1","Ferrite_Bead","L_0805_2012Metric_Pad1.15x1.40mm_HandSolder",73.150000,-73.150000,270.000000,top
"MICRO","USB_B_Micro","USB_Micro-B_Amphenol_10103594-0001LF_Horizontal",62.850000,-65.600000,270.000000,top
"Q1","FDS6892A","SOIC-8_3.9x4.9mm_P1.27mm",96.850000,-60.350000,90.000000,top
"R1","220","R_0603_1608Metric_Pad1.05x0.95mm_HandSolder",94.850000,-71.350000,270.000000,top
"R2","220","R_0603_1608Metric_Pad1.05x0.95mm_HandSolder",97.100000,-71.350000,270.000000,top
"R3","220","R_0603_1608Metric_Pad1.05x0.95mm_HandSolder",99.600000,-71.350000,270.000000,top
"R4","220","R_0603_1608Metric_Pad1.05x0.95mm_HandSolder",101.844999,-71.350000,270.000000,top
"R5","10k","R_0603_1608Metric_Pad1.05x0.95mm_HandSolder",75.700000,-58.400000,0.000000,top
"R6","10k","R_0603_1608Metric_Pad1.05x0.95mm_HandSolder",75.700000,-56.400000,0.000000,top
"R7","220","R_0603_1608Metric_Pad1.05x0.95mm_HandSolder",76.150000,-68.650000,270.000000,top
"R8","10k","R_0603_1608Metric_Pad1.05x0.95mm_HandSolder",100.850000,-95.850000,270.000000,top
"R9","10k","R_0603_1608Metric_Pad1.05x0.95mm_HandSolder",90.600000,-95.850000,270.000000,top
"R10","10k","R_0603_1608Metric_Pad1.05x0.95mm_HandSolder",101.000000,-84.600000,270.000000,top
"R11","10K","R_0603_1608Metric_Pad1.05x0.95mm_HandSolder",76.150000,-80.400000,90.000000,top
"R12","10K","R_0603_1608Metric_Pad1.05x0.95mm_HandSolder",73.650000,-80.400000,90.000000,top
"R13","10K","R_0603_1608Metric_Pad1.05x0.95mm_HandSolder",71.150000,-80.400000,90.000000,top
"R14","10k","R_0603_1608Metric_Pad1.05x0.95mm_HandSolder",90.250000,-84.600000,270.000000,top
"R15","10K","R_0603_1608Metric_Pad1.05x0.95mm_HandSolder",68.650000,-80.400000,90.000000,top
"SW5","SW_DIP_x04","SW_DIP_SPSTx04_Slide_Omron_A6S-410x_W8.9mm_P2.54mm",72.400000,-89.650000,270.000000,top
"U1","24LC01","SO-8_3.9x4.9mm_P1.27mm",81.800000,-59.000000,180.000000,top
"U2","LM75B","SOIC-8_3.9x4.9mm_P1.27mm",81.800000,-66.000000,0.000000,top
"U3","AMS1117-3.3","SOT-223-3_TabPin2",71.150000,-66.650000,90.000000,top
